,object_appearance_quality_annotator_1,object_visibility_annotator_1,id,text,dataset,vael,linguistic_cue_annotator_1,completely_missing_type_annotator_1,other_ta2_annotator_1,other_ta1_annotator_1,object_visibility_annotator_2,linguistic_cue_annotator_2,other_ta2_annotator_2,object_appearance_quality_annotator_2,completely_missing_type_annotator_2,other_ta1_annotator_2
0,['option3'],['option1'],concap/train/0000001514,little boy sitting on the grass with drone and remote controller,concap/train,remote,['option3'],,,,['option1'],,,,,
1,,['option3'],concap/train/0000040441,"person painted over a thrift - store globe to match the colors of her nursery , then hand - painted this phrase on the dried product .",concap/train,person,"['option1', 'option9']",,,,['option3'],['option9'],,,,
2,,['option3'],concap/train/0000047979,a panther on a flat car ready for transport with tent set up for a crew member on the bottom corner .,concap/train,car,['option3'],"['option1', 'option2']",,,['option2'],,,"['option1', 'option2']",,
3,"['option2', 'option3']",['option1'],concap/train/0000118244,woman riding a bicycle through the palm trees along bodies of water,concap/train,bicycle,,,,,['option1'],,,"['option2', 'option3']",,
4,,['option3'],concap/train/0000164402,traditional food served on a banana leaf,concap/train,banana,"['option3', 'option4']",,,,['option3'],['option3'],,,"['option1', 'option2']",
5,,['option3'],concap/train/0000221177,person has a meet up with her bag,concap/train,person,"['option9', 'option5']",,['substitution'],,['option3'],['option9'],,,['option1'],
6,"['option1', 'option2']",['option2'],concap/train/0000225694,a young woman opens an airplane window and looks out the window .,concap/train,airplane,['option3'],['option1'],,,['option2'],,,"['option1', 'option2']",['option1'],
7,"['option1', 'option2']",['option2'],concap/train/0000241127,webcam attached to the top of a laptop,concap/train,laptop,['option4'],,,,['option2'],['option4'],,"['option1', 'option2']","['option1', 'option2']",
8,,['option3'],concap/train/0000314734,this is a drawing of comic book character on a paper,concap/train,book,"['option3', 'option4']",['option1'],,,['option3'],['option3'],,,['option1'],
9,,['option3'],concap/train/0000317899,"back shot of a man in jeans , khaki short jacket with a sparkling white motorcycle helmet under his arm isolated on white",concap/train,motorcycle,['option3'],['option1'],,,['option3'],['option3'],,,['option1'],
10,,['option3'],concap/train/0000329428,a young man plays the guitar for his lover indoors sitting on the couch,concap/train,couch,"['option9', 'option4']",['option1'],,,['option2'],['option4'],,"['option1', 'option2']",,
11,,['option1'],concap/train/0000404107,here 's how to find the best women 's handbag for you .,concap/train,handbag,,,,,['option1'],,,,,
12,,['option1'],concap/train/0000500639,"a laptop is located on the girl 's lap , her hand is typing something on the keyboard .",concap/train,keyboard,,,,,['option1'],['option4'],,,,
13,['option1'],['option2'],concap/train/0000561380,family of tree around a campfire at night with car .,concap/train,car,['option4'],,,,['option2'],,,['option1'],,
14,"['option1', 'option3']",['option2'],concap/train/0000596889,a copy of the giraffe down below that i drew,concap/train,giraffe,,,,,['option1'],,,['option3'],,
15,,['option3'],concap/train/0000614847,"the kitchen in this home decorated by person , painted in a white , features shades in a fabric .",concap/train,person,"['option9', 'option4']",,,,['option3'],"['option9', 'option4']",,,['option1'],
16,,['option3'],concap/train/0000663482,oven baked and made with simple ingredients .,concap/train,oven,['option9'],,,,['option3'],['option3'],,,['option1'],
17,,['option3'],concap/train/0000682936,olympic athlete competes during the fis alpine ski world cup men 's slalom,concap/train,cup,"['option3', 'option4', 'option6', 'option7']",,,,['option3'],"['option4', 'option6']",,,,
18,,['option3'],concap/train/0000691399,person as the part of modern interior design .,concap/train,person,['option5'],['option1'],['substitution'],,['option3'],,,,['option1'],
19,"['option1', 'option2', 'option3']",['option1'],concap/train/0000715514,"as a helicopter hovers above , the spacecraft with parachute open descends with person aboard .",concap/train,person,['option4'],,,,['option4'],,,,,
20,,['option1'],concap/train/0000734350,the mouse in a mousetrap,concap/train,mouse,,,,,['option1'],,,['option3'],,
21,,['option3'],concap/train/0000760929,some of you have to get in on this : person,concap/train,person,"['option9', 'option5']",,['substitution'],,['option3'],['option9'],,,,
22,"['option2', 'option3']",['option1'],concap/train/0000822975,food in the oven dessert table,concap/train,oven,"['option2', 'option3']",,,,['option1'],,,['option3'],,
23,"['option1', 'option2']",['option2'],concap/train/0000926073,logo on the bonnet of a blue car in the rain,concap/train,car,['option4'],,,,['option2'],['option4'],,"['option1', 'option2']",,
24,,['option3'],concap/train/0000938028,they took the logo and turned the clock back for the upcoming move .,concap/train,clock,"['option9', 'option2']",,,,['option3'],"['option9', 'option2']",,,,
25,,['option3'],concap/train/0000939907,modern bedroom featuring person and dresser set,concap/train,person,"['option9', 'option5']",,['substitution'],,['option2'],,,['option2'],,
26,,['option3'],concap/train/0000970062,number in a train station,concap/train,train,"['option3', 'option4']",,,,['option3'],"['option3', 'option4']",,,['option1'],
27,,['option3'],concap/train/0000990501,horse racing has been held at the famous course and tradition is a hallmark of the meeting .,concap/train,horse,"['option9', 'option3']",,,,['option3'],"['option9', 'option3']",,,,
28,,['option3'],concap/train/0000998611,"actor , best known for playing comic book character in the classic series died in june at 88",concap/train,book,['option3'],,,,['option3'],"['option1', 'option9', 'option3']",,,,
29,,['option3'],concap/train/0001035294,smiling family using a laptop together in bed,concap/train,bed,"['option9', 'option4']",,,,['option2'],['option4'],,['option1'],,
30,"['option2', 'option3']",['option1'],concap/train/0001151459,here 's proof that we actually bought and ate a fruit cake .,concap/train,cake,['option3'],,,,['option1'],"['option1', 'option9', 'option3']",,['option3'],,
31,['option3'],['option1'],concap/train/0001201668,"still shot of a woman 's hands typing on a laptop keyboard , with a cup of hot coffee near",concap/train,keyboard,,,,,['option1'],"['option3', 'option4']",,,,
32,,['option3'],concap/train/0001225148,where person used to tether his cow .,concap/train,cow,"['option1', 'option9', 'option4']",,,,['option3'],"['option1', 'option9']",,,,
33,"['option1', 'option3']",['option1'],concap/train/0001247447,"tractor , apples and an apple mil on an organic farm",concap/train,apple,['option3'],,,,['option1'],,,['option3'],,
34,['option3'],['option1'],concap/train/0001273840,here are some seriously cute pencil shaving illustrations by person .,concap/train,person,"['option4', 'option5']",,['substitution'],,['option1'],"['option9', 'option4']",,['option3'],,
35,,['option1'],concap/train/0001311050,blood of my enemies wine glass !,concap/train,wine glass,,,,,['option1'],,,['option3'],,
36,"['option1', 'option3']",['option1'],concap/train/0001409050,young man in jacket operating a drone using a remote controller,concap/train,remote,['option3'],,,,['option1'],['option3'],,['option3'],,
37,"['option2', 'option3']",['option1'],concap/train/0001464972,the shadow of an airplane approaching the runway,concap/train,airplane,,,,,['option1'],,,['option3'],,
38,,['option3'],concap/train/0001473119,legs of a man with a musical suitcase goes over the railway,concap/train,suitcase,['option9'],,,,['option3'],,,,,
39,['option1'],['option2'],concap/train/0001478486,wet horse outside in a snowstorm,concap/train,horse,,,,,['option2'],,,"['option1', 'option3']",,
40,"['option1', 'option3']",['option1'],concap/train/0001526864,a cat hugging a dog in the street .,concap/train,dog,,,,,['option1'],,,,,
41,,['option1'],concap/train/0001534563,organisation founder hands a baseball bat to politician as politician looks on during an event celebrating the champions,concap/train,baseball bat,,,,,['option1'],,,,,
42,,['option3'],concap/train/0001652994,tractors and trucks get in gear to catch the bus,concap/train,bus,"['option9', 'option2']","['option1', 'option2']",,,['option3'],['option9'],,,['option2'],
43,,['option1'],concap/train/0001690420,female nails with red nail polish and a beautiful black handbag,concap/train,handbag,,,,,['option1'],,,,,
44,"['option1', 'option2']",['option2'],concap/train/0001729399,"a young male sitting in the chair , looking into the distance and thinking about something .",concap/train,chair,"['option9', 'option4']",,,,['option2'],['option4'],,"['option1', 'option2']",,
45,,['option3'],concap/train/0001775839,"a cute white , western , blonde , baby boy lays under a blue blanket with teddy bear .",concap/train,teddy bear,"['option9', 'option4']",['option1'],,,['option3'],['option9'],,,['option1'],
46,,['option3'],concap/train/0001830355,little girls make up a tune together on a piano keyboard,concap/train,keyboard,['option6'],,,,['option3'],"['option4', 'option6']",,,['option2'],
47,"['option1', 'option2', 'option3']",['option1'],concap/train/0001837467,dirty dishes in the sink,concap/train,sink,['option4'],,,,['option2'],['option4'],,"['option1', 'option2']",,
48,['option1'],['option2'],concap/train/0001898382,young pretty dark - haired woman eating an apple and reading a book lying on the grass in a park .,concap/train,apple,,,,,['option2'],,,['option1'],,
49,,['option3'],concap/train/0001928711,person explores fork in the early morning light .,concap/train,fork,['option6'],,,,['option3'],,,,,
50,['option1'],['option1'],concap/train/0001979292,lovely couple lying on the couch and kissing each other at new home,concap/train,couch,['option4'],,,,['option1'],['option4'],,['option1'],,
51,,['option3'],concap/train/0001988990,coffee + homemade banana bread at this rustic cafe .,concap/train,banana,['option3'],,,,['option3'],['option3'],,,['option2'],
52,,['option3'],concap/train/0002030446,wild boar mother with small piglets on the dining table .,concap/train,dining table,['option2'],,,,['option3'],"['option2', 'option4']",,,,
53,,['option3'],concap/train/0002056297,tv personality is set to walk down the aisle in less than a month and she celebrated with a gorgeous bridal shower !,concap/train,tv,['option3'],,,,['option3'],"['option9', 'option3']",,,,
54,['option3'],['option1'],concap/train/0002128590,golden birthday ... celebrate with a cake !,concap/train,cake,,,,,['option1'],,,['option3'],,
55,['option3'],['option1'],concap/train/0002182166,"shoe and handbag close up by type of dish , via photo sharing website",concap/train,handbag,,,,,['option1'],,,['option3'],,
56,,['option3'],concap/train/0002237137,person did the giraffe and elephants cake pops - she sent me pics to choose from like this one,concap/train,cake,"['option9', 'option3']",,,,['option3'],"['option9', 'option3']",,,['option2'],
57,"['option1', 'option3']",['option2'],concap/train/0002246015,image result for red horse of the apocalypse,concap/train,horse,,,,,['option1'],,,['option3'],,
58,,['option3'],concap/train/0002263531,this is how i imagine person being pulled by a person drawn carriage .,concap/train,person,"['option9', 'option5']",,['substitution'],,['option3'],"['option9', 'option2']",,,,
59,['option3'],['option1'],concap/train/0002282609,witch cute and black cat ride on the swinging vector art illustration,concap/train,cat,,,,,['option1'],,,['option3'],,
60,"['option1', 'option3']",['option4'],concap/train/0002331712,"little garden on the balcony : the family 's favorite spot , featuring a bench with planters set at different levels .",concap/train,bench,,,,,['option1'],,,"['option1', 'option3']",,
61,"['option1', 'option3']",['option2'],concap/train/0002359959,professional boxer and actor holding rifles while standing in a boat at sea in a scene from the film,concap/train,boat,"['option9', 'option4']",,,,['option2'],['option4'],,"['option1', 'option2']",,
62,,['option3'],concap/train/0002369051,i like the pop of orange plates and colorful flowers on these tables,concap/train,orange,['option6'],,,,['option3'],['option6'],,,,
63,"['option2', 'option3']",['option2'],concap/train/0002430046,migration on the computer keyboard,concap/train,keyboard,['option4'],,,,['option2'],"['option3', 'option4']",,['option1'],,
64,,['option3'],concap/train/0002444933,"under the refrigerator , next to the door .",concap/train,refrigerator,"['option9', 'option4']","['option1', 'option2']",,,['option3'],['option4'],,,['option1'],
65,['option3'],['option1'],concap/train/0002469485,brand chopped and dropped custom car at a car show .,concap/train,car,,,,,['option1'],,,['option3'],,
66,,['option3'],concap/train/0002480183,football player poses during the official fifa world cup portrait session .,concap/train,cup,"['option3', 'option4', 'option6', 'option7']",,,,['option3'],"['option9', 'option4', 'option6']",,,,
67,,['option3'],concap/train/0002504134,the point of view of someone riding a bicycle on the street of a residential neighborhood .,concap/train,bicycle,['option9'],,,,['option3'],"['option9', 'option4']",,,"['option1', 'option2']",
68,['option3'],['option1'],concap/train/0002522290,happy national dog day annually !,concap/train,dog,"['option3', 'option7']",,,,['option1'],['option3'],,['option3'],,
69,"['option1', 'option2', 'option3']",['option2'],concap/train/0002529814,bus runs on the highway at sunset,concap/train,bus,,['option1'],,,['option2'],,,"['option1', 'option2']",,
70,['option1'],['option2'],concap/train/0002533077,helmet and glasses resting on a luxury convertible sports car,concap/train,car,['option4'],,,,['option2'],['option4'],,"['option1', 'option2', 'option3']",,
71,,['option3'],concap/train/0002542124,funny groom underwater in a bird cage,concap/train,bird,"['option3', 'option4']",['option1'],,,['option3'],"['option3', 'option4']",,,['option1'],
72,,['option3'],concap/train/0002589517,my horse can read me like a book !,concap/train,book,"['option9', 'option2']",,,,['option3'],['option2'],,,,
73,"['option1', 'option3']",['option2'],concap/train/0002699041,young woman sitting in an abandoned retro car,concap/train,car,"['option3', 'option4']",,,,['option1'],['option4'],,['option3'],,
74,,['option1'],concap/train/0002699068,tv personality signs copies of her book .,concap/train,tv,,,,,['option3'],"['option9', 'option3']",,,['option1'],
75,,['option3'],concap/train/0002723223,pop artist appears onstage during music video tv program,concap/train,tv,"['option3', 'option4']",['option1'],,,['option3'],"['option9', 'option3', 'option4']",,,,
76,,['option3'],concap/train/0002724874,gilded nuts and fruit nestled in a wooden bowl .,concap/train,bowl,"['option3', 'option4']",,,,['option2'],['option4'],,"['option1', 'option2']",,
77,,['option3'],concap/train/0002730703,the strictly star beamed as she took to the train track for the premiere,concap/train,train,"['option3', 'option4']",['option1'],,,['option3'],['option3'],,,,
78,,['option3'],concap/train/0002731113,"long skirt with floral print with a strict black turtleneck , orange belt and rigid clutch",concap/train,orange,['option6'],,,,['option3'],['option6'],,,,
79,,['option3'],concap/train/0002744863,"a baguette topped with tuna , orange bell peppers and lettuce",concap/train,orange,['option6'],['option1'],,,['option3'],['option6'],,,['option2'],
80,,['option3'],concap/train/0002749185,wild : animal manages to transform from an orange colour around its tail to a bright blue head,concap/train,orange,['option6'],,,,['option3'],['option6'],,,,
81,,['option3'],concap/train/0002762803,"person likes this one , but i i 'd have to make the bottom zebra and the top the pink with dots :)",concap/train,zebra,"['option9', 'option2']",,,,['option3'],"['option2', 'option6']",,,,
82,['option3'],['option1'],concap/train/0002834968,"funny cute hot dog with a smile , eyes and hands .",concap/train,hot dog,,,,,['option1'],,,['option3'],,
83,"['option2', 'option3']",['option1'],concap/train/0002846898,a train crosses the main bridge over tourist attraction towards the centre,concap/train,train,,,,,['option1'],,,['option3'],,
84,,['option3'],concap/train/0002882577,how to fold a suit & shirt in a suitcase,concap/train,suitcase,"['option9', 'option4']",['option1'],,,['option3'],"['option9', 'option4']",,,"['option1', 'option2']",
85,,['option3'],concap/train/0002891875,person is a ceramic artist and she specialises in making tableware inspired with 50s and 60s,concap/train,person,"['option9', 'option5']",,['substitution'],,['option3'],['option9'],,,,
86,,['option3'],concap/train/0002925264,what book is this illustration from ?,concap/train,book,['option9'],,,,['option3'],['option9'],,,['option1'],
87,['option3'],['option1'],concap/train/0003007112,lungs of the dog medical veterinary vector illustration vector,concap/train,dog,,,,,['option1'],['option4'],,['option3'],,
88,['option3'],['option1'],concap/train/0003041630,photo of a food truck,concap/train,truck,['option3'],,,,['option1'],['option3'],,['option3'],,
89,,['option3'],concap/train/0003052249,"brackets - week was slow going , but we painted the bracket for the shelves over the toilet",concap/train,toilet,"['option9', 'option4']",['option1'],,,['option3'],['option4'],,,['option1'],
90,,['option3'],concap/train/0003071424,person like this look of trim darker then walls .,concap/train,person,['option9'],,,,['option3'],['option9'],,,['option1'],
91,,['option3'],concap/train/0003129807,"bird by person , on view starting friday .",concap/train,bird,"['option4', 'option5']",,['substitution'],,['option3'],"['option9', 'option4']",,,,
92,['option3'],['option1'],concap/train/0003144767,"and because i really do love the hammered metal sink that much , here 's a close up !",concap/train,sink,,,,,['option1'],,,,,
93,,['option3'],concap/train/0003162769,the wall of a car park !,concap/train,car,['option3'],,,,['option3'],['option3'],,,['option1'],
94,,['option3'],concap/train/0003212221,a red car with the tank on the back roaming around the park in the city,concap/train,car,['option5'],['option2'],['wrong word'],,['option3'],,,,['option2'],
95,"['option1', 'option2']",['option2'],concap/train/0003241159,a young boy in a very full car on the day we moved house,concap/train,car,['option4'],['option1'],,,['option2'],['option4'],,"['option1', 'option2']",,
96,,['option3'],concap/train/0003276387,person perfume - a new fragrance for women,concap/train,person,"['option7', 'option5']",,['substitution'],,['option3'],['option9'],,,,
97,['option3'],['option1'],concap/train/0003284531,spoon of medication in front of a black background,concap/train,spoon,,,,,['option1'],,,['option3'],,
98,['option3'],['option1'],concap/train/0003303435,acrylic illustration of the funny mouse on the skateboard,concap/train,mouse,,,,,['option1'],,,['option3'],,
99,,['option3'],concap/train/0003312882,show : i 'm tv character an angel of the lord,concap/train,tv,['option5'],,['misaligned'],,['option3'],"['option9', 'option3']",,,,
100,,['option3'],redcaps/abandonedporn/1ungi3,"teddy bear lying in a field of trash near abandoned factories in worcestor, ma",redcaps,teddy bear,,['option2'],"['wrong word used, meant stuffed animal']",,['option1'],,,['option3'],,
101,,['option1'],redcaps/alltheanimals/g5jn54,a spry young polar bear,redcaps,bear,,,,,['option1'],,,['option3'],,['jumping']
102,,['option3'],redcaps/backyardchickens/igppo1,"on sunday, our dorking laid her first egg. today, i found the egg wrapped in a washcloth in the bottom drawer of the refrigerator, because my 4 yr old daughter wants ""the egg to stay warm."" sigh. we may never eat this egg.",redcaps,refrigerator,"['option1', 'option9']",,,,['option3'],"['option1', 'option9']",['text goes beyond what the image shows'],,,
103,,['option3'],redcaps/baking/hj7h7u,my first three-layer pound cake ,redcaps,cake,['option3'],['option1'],,,['option1'],,,"['option3', 'option4']",,['sliced']
104,,['option3'],redcaps/baking/hks738,not as pretty as others and cheated with premade items but i'm still rusty and wanted to see if i still could bake a simple apple pie.,redcaps,apple,['option3'],,,,['option2'],['option3'],,['option2'],['option1'],
105,,['option3'],redcaps/baking/ilk6kw,tie dye cuppycakes!,redcaps,tie,"['option3', 'option6']",,,,['option3'],"['option3', 'option6']",,,,
106,,['option3'],redcaps/ballpython/jhxt5t,my new orange ghost banana boy...still can't think of a name for him,redcaps,orange,['option6'],,,,['option3'],"['option3', 'option6']",,,,
107,,['option3'],redcaps/battlestations/f40oz5,my portable battle station for work travel. all fits into one backpack and one monitor case.,redcaps,backpack,['option9'],['option1'],,,['option3'],['option9'],,,,
108,,['option3'],redcaps/bbq/fwjdii,brisket and apple crown royal,redcaps,apple,['option6'],,,,['option3'],['option3'],,,,
109,,['option3'],redcaps/beerporn/1zdiym,banana for scale.,redcaps,banana,"['option6', 'option7']",,,,['option3'],"['option7', 'option5']",['humor'],,,
110,,['option3'],redcaps/bordercollie/9ma6x3,"frankie would like the frisbee, please",redcaps,frisbee,['option9'],['option1'],,,['option3'],['option9'],,,,
111,['option3'],['option1'],redcaps/bordercollie/b0fse4,when frisbee is life,redcaps,frisbee,,,,,['option1'],,,['option3'],,
112,,['option3'],redcaps/breadit/k5huan,this is the first loaf i've ever seriously been proud of! pane francese from america's test kitchen's book bread illustrated,redcaps,book,['option9'],,,,['option3'],['option9'],,,,
113,['option3'],['option1'],redcaps/brochet/clhyr9,an elephant i made for my husband's grandma as a thank you gift.,redcaps,elephant,,,,,['option1'],,,['option3'],,
114,,['option3'],redcaps/carporn/cdjgja,hopefully i didn't miss the purple car train. here's my 1965 mustang,redcaps,train,"['option2', 'option3', 'option6']",['option2'],,,['option3'],['option6'],,,,
115,,['option3'],redcaps/castiron/eh1hoh,making pizza in a dutch oven in the fire. came out great!,redcaps,pizza,,,,,['option3'],['option9'],,,['option1'],
116,"['option1', 'option3']",['option1'],redcaps/castiron/ih2j2m,first chocolate cake i made with my daughter. happy dad - happy kid,redcaps,cake,,['option1'],,,['option1'],,,['option3'],,
117,,['option3'],redcaps/cats/7y2e9m,"silly human this is not a laptop bag, this is a bed!",redcaps,bed,"['option9', 'option2']","['option1', 'option2']",,,['option2'],"['option2', 'option5']",['present category can be used as VAEL (laptop bag can be used as a bed)'],,,
118,,['option3'],redcaps/cats/ajkhny,he sits on top of her and then does this. little spoon for sure.,redcaps,spoon,['option6'],,,,['option3'],"['option2', 'option6']",,,,
119,,['option3'],redcaps/cats/dr46rv,kids made cat face with shadows,redcaps,cat,"['option9', 'option3']",,,,['option3'],"['option2', 'option3']",,,,
120,['option1'],['option2'],redcaps/cats/dtmyil,i put his bed in front of the heat vent. i think he is pleased.,redcaps,bed,['option1'],['option1'],,,['option2'],,,['option3'],['option2'],
121,,['option1'],redcaps/cockatiel/3to66h,"so charlie, i made a nice breakfast of sprouts and broccoli for you. what do you mean you would prefer my boiled egg?",redcaps,broccoli,,,,,['option2'],,,['option2'],,
122,,['option1'],redcaps/crafts/215eye,busy book #2,redcaps,book,,,,,['option1'],,,['option3'],,
123,['option3'],['option1'],redcaps/crochet/2xnxdw,bump the elephant,redcaps,elephant,,,,,['option1'],,,['option3'],,
124,,['option3'],redcaps/crystals/flnsp6,i found this rick walking i think someone dropped it anyone know what it might be ? if i hit it hard enough with a knife it sparks,redcaps,knife,['option9'],,,,['option3'],['option9'],,,,
125,,['option3'],redcaps/desertporn/f83fjp,overlooking horse shoe bend,redcaps,horse,['option7'],['option1'],,,['option3'],"['option3', 'option7']",,,,
126,,['option3'],redcaps/diy/7v96mu,platform bed & headboard - weekend project with the mrs. not bad for a psych nurse & an edtech! $300 in lumber and 12 hours later...,redcaps,bed,['option3'],['option1'],,,['option3'],"['option3', 'option6']",,,,
127,,['option1'],redcaps/dogpictures/wn5lq,"took my big, fluffy foster dog to the beach today.",redcaps,dog,,,,,['option1'],,,,,
128,['option1'],['option2'],redcaps/eyebleach/cf1h5w,little toe beans hiding in my patio bench tonight.,redcaps,bench,,,,,['option2'],,,['option2'],,
129,,['option3'],redcaps/fermentation/ipqi9j,banana slices in only some distilled water with a spoon full of lactobacillus culture from previous ferments has been the most active ferment i've ever seen. it's like a little bomb that i have to diffuse twice a day.,redcaps,spoon,"['option9', 'option6']",,,,['option3'],['option9'],,,,
130,['option1'],['option2'],redcaps/fishing/5olcp2,a day on the boat,redcaps,boat,['option4'],['option1'],,,['option2'],['option4'],,['option1'],['option1'],
131,,['option3'],redcaps/food/691njo,crab cake po-boy.,redcaps,cake,"['option2', 'option3', 'option6']",['option1'],,,['option3'],"['option3', 'option6']",,,['option2'],
132,,['option3'],redcaps/food/6xiran,cookies and cream ice cream in a cookie bowl...err cup,redcaps,cup,['option3'],['option1'],,,['option1'],,,"['option2', 'option3']",,
133,"['option1', 'option2']",['option2'],redcaps/food/9okevf,a strawberry banana nutella waffle,redcaps,banana,['option3'],,,,['option2'],['option3'],,['option3'],,
134,,['option3'],redcaps/food/fkx2iv,freshly fried donut balls/holes.,redcaps,donut,['option3'],['option2'],,,,"['option3', 'option6']",,,['option1'],
135,,['option3'],redcaps/food/u31xz,"some burgers i made. i call them sugar burgers the recipe is: 1 pound of lean beef, 3/4 cup of brown sugar, 3/4 of a package of saltine crackers, 3 tsp of ketchup and mustard. you mix the ingredients together separately then make them into patties. you then grill each side for 10 min.",redcaps,cup,['option6'],,,,['option3'],['option9'],['text describes content beyond the image'],,['option1'],
136,,['option3'],redcaps/foxes/bj4o7h,spotted this skinny guy on a remote highway during the summer!,redcaps,remote,['option6'],,,,['option3'],['option6'],,,,
137,,['option3'],redcaps/gardening/hayrhp,why am i not seeing any green bell peppers? my banana peppers in back we're planted at the same time.,redcaps,banana,['option3'],['option2'],,,['option3'],"['option3', 'option6', 'option7']",,,,
138,,['option3'],redcaps/hotpeppers/gkandp,first fruits have appeared on my banana pepper plants!,redcaps,banana,['option3'],['option2'],,,['option3'],"['option3', 'option7']",,,,
139,,['option3'],redcaps/interestingasfuck/8g7lpd,randy johnson is the oldest pitcher to pitch a perfect game and the only one who accidentally exploded a bird,redcaps,bird,['option9'],,,,['option3'],['option9'],,,,
140,,['option3'],redcaps/interiordesign/2mimw0,thoughts on this wall art i put together from belgium? made from old bus line signage.,redcaps,bus,['option3'],,,,['option3'],['option3'],,,,
141,,['option1'],redcaps/knives/10l5o9,first knife i made that i am proud of.,redcaps,knife,,,,,['option1'],,,,,
142,,['option3'],redcaps/labrador/ghen4f,riley just came home after finishing his 2 week board and train!,redcaps,train,['option6'],,,,['option3'],"['option9', 'option6']",,,,
143,,['option3'],redcaps/leathercraft/kdnpam,i made a leather shoe! i actually made two but the other one is waiting for the final finishing touches. it's a bison upper stitched to cow leather sole glued to a vibram sole. finished with buckskin stitching at the top and a black birch button to finish it all off.,redcaps,cow,['option3'],['option1'],,,['option1'],,,['option3'],,
144,,['option3'],redcaps/mead/3jkodg,blackberry blood orange melomel,redcaps,orange,['option6'],,,,['option1'],['option3'],,,,
145,"['option2', 'option3']",['option2'],redcaps/mildlyinteresting/1vjudh,my work gloves have mickey mouse inside.,redcaps,mouse,['option7'],,,,['option1'],['option7'],,['option3'],,
146,,['option1'],redcaps/mildlyinteresting/1w13uk,the cashier at starbucks asked for my friend's name. he told him marie-antoinette...the cashier wasn't sure how to spell it and so he decided to draw a guillotine on the paper cup.,redcaps,cup,,,,,['option1'],,,"['option2', 'option3']",,
147,,['option1'],redcaps/mildlyinteresting/62q34a,this bottle of soap has a ,redcaps,bottle,,,,,['option1'],['option6'],,,,
148,,['option3'],redcaps/mildlyinteresting/95gwto,the way you can see the apple logo through the screen on the macbook air,redcaps,apple,"['option3', 'option6', 'option7']",,,,['option3'],"['option6', 'option7']",,['option3'],,
149,"['option2', 'option3']",['option1'],redcaps/mildlyinteresting/aa3wmd,my sons book has a typo on the first page.,redcaps,book,,,,,['option1'],,,,,
150,['option3'],['option1'],redcaps/mildlyinteresting/c9jku4,this forgotten banana i just pulled out of a backpack i haven't used in a year.,redcaps,backpack,,,,,['option1'],"['option9', 'option4']",,,,
151,"['option1', 'option2']",['option4'],redcaps/mildlyinteresting/ct0k1y,these old water rings on my mom's dining table are a venn diagram,redcaps,dining table,,,,,['option4'],,,['option2'],,
152,,['option3'],redcaps/mildlyinteresting/ebnlgr,this tv mount bracket looks like a thwamp from super mario,redcaps,tv,['option3'],['option1'],,,['option3'],['option3'],,,,
153,,['option1'],redcaps/mildlyinteresting/ff1jz0,this clock displays the time on the sides,redcaps,clock,,,,,['option1'],,,['option3'],,
154,,['option3'],redcaps/mildlyinteresting/fh5qqd,the bottom of this pizza box,redcaps,pizza,['option3'],['option1'],,,['option3'],['option3'],,,['option1'],
155,"['option1', 'option2', 'option3']",['option2'],redcaps/mildlyinteresting/g5uu7j,this piece of a 7 up bottle from 1958 i found buried a foot deep in my back yard.,redcaps,bottle,,,,,['option2'],,,['option2'],,
156,,['option2'],redcaps/mildlyinteresting/i45w2s,the scar left in our dining table after i hit my face on it.,redcaps,dining table,['option9'],,,,['option2'],['option9'],,['option2'],,
157,,['option3'],redcaps/mildlyinteresting/jvf1em,"the view from pulpit rock, considered one of the scariest places on earth, although only one person ever has fallen over the edge.",redcaps,person,['option9'],,,,['option3'],['option9'],,,,
158,['option1'],['option2'],redcaps/pics/12b1na,i don't feel very safe behind this car,redcaps,car,"['option4', 'option5']","['option1', 'option2']","['used wrong word, behind truck']",,['option2'],,,"['option1', 'option3']",,
159,,['option3'],redcaps/pics/2bi5c1,one of my favorite cell phone pictures taken 6 years ago.,redcaps,cell phone,"['option9', 'option3']",,,,['option3'],['option5'],['text describes content beyond the image'],['option1'],,
160,['option3'],['option1'],redcaps/pics/2gbjcz,"a dog made out of wrenchs at a restaurant called ""lazy dog restaurant""",redcaps,dog,,,,,['option1'],,,['option3'],,
161,,['option3'],redcaps/pics/2tbqf6,apparently toilet gnomes are a thing.,redcaps,toilet,['option3'],['option1'],,,['option3'],['option3'],,,,
162,,['option3'],redcaps/pics/3xellw,meet princess monster truck,redcaps,truck,"['option2', 'option3', 'option7']",,,,['option3'],"['option2', 'option7']",,,,
163,,['option3'],redcaps/pics/4jyc89,local pizza place gives free moustache rides!,redcaps,pizza,['option3'],,,,['option3'],['option3'],,,,
164,['option1'],['option2'],redcaps/pics/4klosv,i saw a fire hydrant in a forest preserve,redcaps,fire hydrant,,,,,['option2'],,,"['option1', 'option2']",,
165,,['option3'],redcaps/pics/6vj6yh,"this little guy woke me up this morning flapping like crazy, managed to catch my cat in the background",redcaps,cat,,,,,['option3'],,,,,
166,,['option3'],redcaps/pics/7nc0xr,taking care of my brother's dumbass evil cat is more of a hostage situation than babysitting...,redcaps,cat,['option9'],,,,['option3'],['option9'],,,,
167,,['option3'],redcaps/pics/a8b21,the worlds oldest remote control,redcaps,remote,"['option1', 'option2', 'option8']",,,,['option3'],"['option2', 'option5']",['offensive'],,,
168,,['option3'],redcaps/pics/bq3oi,what apple tos 4.1.1 will look like,redcaps,apple,"['option6', 'option7']",,,,['option3'],['option6'],,,,
169,,['option3'],redcaps/pics/bt2ro0,what today looked like for a middle-aged hillbilly with an old cell phone camera,redcaps,cell phone,"['option9', 'option4']",,,,['option3'],"['option9', 'option4']",,,,
170,,['option3'],redcaps/pics/i2p6x,:d let me hold your toothbrush for you!,redcaps,toothbrush,['option2'],['option1'],,,['option3'],,,,['option1'],
171,['option3'],['option1'],redcaps/pics/jk4h4,why don't remote control manufacturers implement a feature like this?,redcaps,remote,,,,,['option1'],,,['option3'],,
172,['option1'],['option1'],redcaps/pics/lds9m,this is what happens when a toaster breaks at wb games qa.,redcaps,toaster,,,,,['option1'],['option9'],,['option3'],,
173,"['option1', 'option2']",['option1'],redcaps/pics/n8952,just a botfly larva emerging from a mouse.,redcaps,mouse,,,,,['option1'],,,['option2'],,
174,,['option3'],redcaps/pics/puk9u,umbrella corporation is now experimenting in the flower industry.,redcaps,umbrella,['option7'],['option1'],,,['option3'],"['option2', 'option5']",['humor'],['option3'],,
175,,['option2'],redcaps/pitbulls/co9xu1,when you show da humans how to drive da boat,redcaps,boat,,['option1'],,,['option2'],,,['option1'],,
176,['option2'],['option4'],redcaps/pottery/dgn1y8,can you id who's mark this is please. it's on a small earthenware vase shaped pot.,redcaps,vase,,,,,['option2'],,,"['option2', 'option3']",['option2'],
177,,['option3'],redcaps/pourpainting/dh2rmt,"""saturdayz"" //flip cup pour",redcaps,cup,"['option9', 'option3']",,,,['option4'],,,,,
178,,['option3'],redcaps/pugs/u6voa,just a pug dog sleeping in a moving truck with his tail in his water bowl.,redcaps,truck,['option4'],,,,['option3'],"['option9', 'option4']",,['option1'],,
179,,['option3'],redcaps/rabbits/9yfsgn,"they caught my eye as they ran across the path in front of my car, couple seconds later they're on top of the bush for munching",redcaps,car,['option4'],,,,['option3'],"['option1', 'option4', 'option5']",['text describes content beyond the image'],,,
180,['option3'],['option1'],redcaps/rabbits/kn194o,marvin discovers the real carrot wedged in his toy,redcaps,carrot,,,,,['option2'],['option6'],,['option3'],,
181,['option3'],['option1'],redcaps/rarepuppers/ax0g04,donut pupper,redcaps,donut,,,,,['option1'],['option3'],,['option3'],,
182,,['option3'],redcaps/reeftank/9lysed,hypselodoris zebra nudibranch,redcaps,zebra,['option7'],,,,['option1'],,,['option4'],,['rare category']
183,,['option3'],redcaps/samoyeds/18zlyk,enzo watching the puppy bowl.,redcaps,bowl,['option7'],,,,['option3'],"['option3', 'option6', 'option7']",,,,
184,,['option1'],redcaps/sewing/2xr9op,earth's mightiest handbag!,redcaps,handbag,,,,,['option1'],,,['option3'],,
185,"['option1', 'option3']",['option1'],redcaps/snails/gwln1k,eglantine surfin it up on her surfboard ,redcaps,surfboard,,['option1'],,,['option1'],['option4'],,['option3'],,
186,,['option3'],redcaps/sneakers/5uzv1d,bear versus wolf,redcaps,bear,,,,,['option3'],['option2'],,,,
187,,['option3'],redcaps/sneakers/6ol261,set fire to the train,redcaps,train,"['option9', 'option2']",,,,['option3'],"['option9', 'option2']",,,,
188,,['option3'],redcaps/somethingimade/37r7pq,mid-century style dog bed,redcaps,dog,['option3'],,,,['option3'],['option3'],,,,
189,,['option3'],redcaps/succulents/42v14z,need help identifying to determine cat friendliness,redcaps,cat,"['option9', 'option3']",,,,['option3'],"['option9', 'option3']",['text talks about something beyond the image'],,,
190,,['option3'],redcaps/succulents/9m2woh,hopping on the blooming butts train,redcaps,train,"['option2', 'option3', 'option6']",,,,['option3'],['option6'],,,,
191,,['option3'],redcaps/succulents/bq6cgg,horse crippler cactus i saw yesterday,redcaps,horse,['option7'],,,,['option3'],"['option3', 'option6', 'option7']",,,,
192,['option3'],['option1'],redcaps/thriftstorehauls/bkh8mx,hello kitty toaster brand new. it puts a hello kitty image on the toast!,redcaps,toaster,['option3'],,,,['option1'],,,['option3'],,
193,,['option1'],redcaps/thriftstorehauls/cu6il8,"1970's free former skateboard with all original wheels and trucks for $3.99. needs some love, but a unique find for me.",redcaps,skateboard,,,,,['option1'],,,,,
194,,['option3'],redcaps/trucks/3mx8t7,"just got back from the river. friend sank his truck pulling his boat out. long story short, rip this beast.",redcaps,boat,['option1'],,,,['option3'],['option9'],,,,
195,"['option3', 'option4']",['option1'],redcaps/veganrecipes/iyjqjq,vegan apple crisp,redcaps,apple,,,,['Object is deformed/in a processed state'],['option1'],['option3'],,['option2'],,
196,,['option3'],redcaps/vinyl/1b2q3c,greensleeves record i found in my dads collection- eek a mouse and flick wilson,redcaps,mouse,"['option2', 'option6', 'option7']",,,,['option3'],"['option2', 'option7']",,,,
197,,['option3'],redcaps/wildlifephotography/7a1sue,immature brahminy kite chased by a wood swallow,redcaps,kite,"['option3', 'option6']",['option1'],,,['option1'],['option6'],,,,
198,,['option3'],redcaps/wildlifephotography/kduruf,saw a moose on a remote hike in bc in the monashee mountains!,redcaps,remote,['option6'],,,,['option2'],['option9'],,['option2'],,
199,['option3'],['option4'],redcaps/woodworking/jdyak9,"it is not a normal color, a bench, rough flattening, ask and i'll shall deliver no matter how heinous. #softmaple #neckarthitus",redcaps,bench,,,,,['option1'],,,['option3'],,
200,,['option3'],sbucaps/1022948325_f7301f6207,city girl in a cow town station,sbucaps,cow,"['option9', 'option3', 'option4']",['option1'],,,['option3'],"['option2', 'option3', 'option4']",,,['option1'],
201,,['option3'],sbucaps/1471631193_e20aa1ecc6,"detail of flowers near the road, at the stop sign",sbucaps,stop sign,"['option9', 'option4']",,,,['option3'],"['option9', 'option4']",,,,
202,,['option3'],sbucaps/1535294562_0687350efd,This is the bridge that crosses the walkway to the dog park in Piedmont Park in Atlanta. Viewed from the front with the dog park in the back.,sbucaps,dog,['option3'],,,,['option3'],['option3'],,,['option1'],
203,"['option1', 'option2']",['option4'],sbucaps/174052527_5cd12aa9d5,me in the ice cream truck goin by collins house,sbucaps,truck,,,,,['option2'],"['option9', 'option3', 'option4']",,"['option1', 'option2']",,
204,"['option1', 'option2']",['option1'],sbucaps/178657153_39e0a50f45,"Dall Sheep. The sheep are hard to see but, they are the little white dots near the top of the mountain.",sbucaps,sheep,,,,,['option1'],,,"['option2', 'option3']",,
205,"['option1', 'option2']",['option4'],sbucaps/186423207_aca47f5e92,"Laura plants some cake in Andrew's face, then does a touchdown dance.",sbucaps,cake,,,,,['option2'],['option9'],,"['option1', 'option2']",['option1'],
206,,['option3'],sbucaps/193315353_de5ef462f2,Wed 19/07/2006 13:46 19072006 1.20 euro for 33cl of water that don't fit in the cup holder. :(,sbucaps,cup,['option3'],,,,['option3'],"['option3', 'option4', 'option5']",['VAEL object is nearby but not in the frame'],,['option2'],
207,"['option1', 'option2', 'option3']",['option2'],sbucaps/2048097161_98b879968e,i'm leaving on a jet plane tomorrow for sweet home alabama. too bad my leopard won't fit in my suitcase.:(,sbucaps,suitcase,['option4'],,,,['option2'],['option4'],,"['option1', 'option2']",,
208,,['option3'],sbucaps/2081995558_5377b862b4,the hole above the oven is for the microwave,sbucaps,microwave,"['option9', 'option4']","['option1', 'option2']",,,['option3'],['option5'],['missing object (that should be in the image) named'],,"['option1', 'option2']",
209,['option3'],['option2'],sbucaps/2200143996_4fd11467f7,notice the attack dog sign in the background - something bad is going on here,sbucaps,dog,['option3'],,,,['option1'],"['option9', 'option3']",,['option3'],,
210,,['option3'],sbucaps/2238691776_ccfb019ec5,We had to tie a door to the roof of Meghan's car in the rain. Boo.,sbucaps,tie,['option6'],,,,['option3'],['option6'],,,,
211,['option1'],['option2'],sbucaps/2304445109_ca26b64224,stuffed animal & sewing backpack - in 2nd box under ice melter,sbucaps,backpack,,,,,['option1'],,,['option3'],,
212,"['option1', 'option2']",['option2'],sbucaps/2360969394_ef9562db44,Please turn off your mobile sign in an airplane,sbucaps,airplane,['option4'],,,,['option2'],['option4'],,"['option1', 'option2']",,
213,,['option3'],sbucaps/2397085627_af1f0f9366,Stac in her &amp;quot;don't loose me&amp;quot; orange shirt leads the kids back down the canyon to return to our car.,sbucaps,orange,['option6'],,,,['option3'],['option6'],,,,
214,['option1'],['option4'],sbucaps/2464307199_037ae913ca,4 May 2008. dinner: veggie pizza. Straight out of the box in the oven :D,sbucaps,pizza,['option9'],,,,['option2'],,,['option1'],,
215,,['option3'],sbucaps/2468635885_da1af815c4,An old barn and sheep herding gate near my house,sbucaps,sheep,['option3'],['option1'],,,['option3'],['option3'],,,['option1'],
216,,['option3'],sbucaps/2568377634_a3eff77521,"I walked into the bedroom to find this little person asleep, under the covers, on MY pillow!",sbucaps,person,['option2'],"['option1', 'option2']",,,['option3'],['option2'],,,"['option1', 'option2']",
217,,['option3'],sbucaps/2571579959_12a8a7bffe,Dad's futile attempt to get the couch into the living room by removing the trim from the door frame.,sbucaps,couch,['option9'],['option1'],,,['option3'],,,,"['option1', 'option2']",
218,,['option3'],sbucaps/2583611877_2bb3a13769,oriental pearl tv tower in low cloud,sbucaps,tv,['option3'],,,,['option3'],['option3'],,,['option1'],
219,,['option3'],sbucaps/2587977328_af71301281,playing in the grass while daddy washes the car,sbucaps,car,['option9'],,,,['option3'],['option9'],,,['option1'],
220,,['option3'],sbucaps/2612206758_e937ff8e0d,"The skeleton of a sheep, seen in a field by the river Leven",sbucaps,sheep,['option9'],,,,['option3'],,,,"['option1', 'option2']",
221,['option1'],['option1'],sbucaps/2612682174_5a1cc4e0de,2 yr. old Olivia feeding her goat by a bottle,sbucaps,bottle,,,,,['option1'],['option4'],,['option3'],,
222,['option3'],['option1'],sbucaps/2694967390_d636a6238c,man in brown with flying tie,sbucaps,tie,,,,,['option1'],,,"['option2', 'option3']",,
223,,['option3'],sbucaps/2699636422_eddd661181,"A just-finished painting, in my easel's new position. No more clothes horse there, yay :)",sbucaps,horse,"['option3', 'option6']",,,,['option3'],"['option2', 'option6']",,,,
224,,['option3'],sbucaps/2756027772_ecb3abb1c8,big bear lake in wv. near bruceton mills.,sbucaps,bear,"['option2', 'option3', 'option7']",['option1'],,,['option3'],"['option3', 'option7']",,,['option1'],
225,,['option3'],sbucaps/2760323372_10683a8231,The girl in front was abandoned at the local train station.,sbucaps,train,"['option1', 'option3', 'option4']",,,,['option3'],"['option9', 'option3', 'option4']",,,,
226,,['option3'],sbucaps/2811492605_42535df49c,Meanwhile in the kitchen maid Fabienne bakes a cake with whipped cream.,sbucaps,cake,,['option1'],,,['option3'],['option5'],['VAEL will appear in the future (in the process of being made)'],,"['option1', 'option2']",
227,,['option1'],sbucaps/2831210259_8da102c7fa,Caleb won the break into the van race by popping off the window hinge pin with scissors. Mcgiver.,sbucaps,scissors,,,,,['option3'],"['option1', 'option9', 'option4']",,,,
228,,['option3'],sbucaps/2861105000_5c66ceb924,"A rusty canal boat rudder, seen beside the Leeds and Liverpool Canal.",sbucaps,boat,['option3'],['option1'],,,['option3'],['option3'],,,['option1'],
229,,['option3'],sbucaps/290306833_76c4919a09,Seeing your boat sink must be the hardest thing in the world...,sbucaps,sink,"['option9', 'option6']",,,,['option3'],['option6'],,,,
230,,['option3'],sbucaps/2917032778_e58de272b4,We walked by this awesome pink elephant car wash sign - I just love it!,sbucaps,elephant,"['option2', 'option3', 'option7']",,,,['option1'],['option3'],,['option3'],,
231,,['option3'],sbucaps/292739674_05c4b832fa,These signs are blurry in person too...,sbucaps,person,"['option9', 'option2', 'option6']",,,,['option3'],"['option2', 'option4', 'option6']",,,['option1'],
232,,['option3'],sbucaps/2928268351_72331d5efa,Our little yellow friend leaving hospital in his car seat,sbucaps,car,"['option3', 'option4']",['option1'],,,['option3'],"['option3', 'option4']",,,['option1'],
233,,['option3'],sbucaps/2928802954_5af2c0fd16,elephant super car wash in seattle - from car window.,sbucaps,elephant,"['option2', 'option3', 'option7']",,,,['option1'],"['option9', 'option3', 'option7']",,"['option2', 'option3']",,
234,"['option1', 'option2', 'option3']",['option2'],sbucaps/2949148327_767c0fbf5b,"Lastnight's Dinner: Rainbow trout stuffed with mushroom, carrot, thyme sprigs, onion and lemon in a white wine sauce",sbucaps,carrot,,,,,['option1'],,,['option1'],,
235,,['option3'],sbucaps/295516198_fdc626ed75,A broken glass window of a train compartment in India.,sbucaps,train,['option3'],,,,['option3'],"['option3', 'option4']",,"['option1', 'option2']",['option1'],
236,['option3'],['option1'],sbucaps/2961209606_2b68e928bb,all the decoration on top of the cake are hand made by kids. 7 years YQ did the yellow carrot.,sbucaps,carrot,,,,,['option1'],,,['option3'],,
237,,['option3'],sbucaps/2999956848_b2862bf804,This baobab tree was damaged by an elephant that scraped its trunk in search of water. Tarangire National Park,sbucaps,elephant,"['option1', 'option9']",['option1'],,,['option3'],"['option1', 'option9']",,,['option1'],
238,,['option3'],sbucaps/3038350794_0d580615b1,Oliver loves to lay in this chair while we sprawl out on the couch watching movies.,sbucaps,couch,"['option9', 'option4']","['option1', 'option2']",,,['option3'],"['option9', 'option4']",,,"['option1', 'option2']",
239,,['option3'],sbucaps/3073583834_5d34d2cd70,"The whole of Manhattan, in one airplane window",sbucaps,airplane,"['option3', 'option4']",,,,['option3'],['option4'],,,['option1'],
240,['option1'],['option2'],sbucaps/3149397956_019fac7b20,Sitting in the bathroom sink,sbucaps,sink,['option4'],,,,['option1'],['option4'],,['option1'],,
241,,['option3'],sbucaps/3162772086_c3125725eb,just a random picture i took of caleb in his car seat,sbucaps,car,"['option3', 'option4']",,,,['option2'],"['option3', 'option4']",,"['option1', 'option2']",['option1'],
242,,['option3'],sbucaps/3164057235_a4546df8e0,A large tree down by the river - BW with orange filter,sbucaps,orange,"['option4', 'option6']",,,,['option3'],"['option9', 'option6']",,,,
243,,['option3'],sbucaps/318040101_976637adca,There's a bird sitting on a patio above him,sbucaps,bird,['option9'],,,,['option3'],['option9'],,,['option1'],
244,"['option1', 'option3']",['option1'],sbucaps/3193265945_5c579f4295,Bricks in bus window,sbucaps,bus,['option3'],,,,['option2'],,,"['option1', 'option2', 'option3']",,
245,"['option1', 'option2', 'option3']",['option2'],sbucaps/322842204_f59d52232b,"This wee, artificial christmas tree sits in a coffee cup and has buttons sewn on its branches. Precious! :)",sbucaps,cup,"['option3', 'option4']",,,,['option2'],['option4'],,"['option1', 'option2']",,
246,,['option3'],sbucaps/3256481214_ffbf4859b4,All this freaking plastic for a cell phone SIM card. Never mind that it was over-nighted in a cardboard box...,sbucaps,cell phone,"['option3', 'option4']",,,,['option3'],['option3'],,,['option1'],
247,,['option3'],sbucaps/3275459526_c5583624d7,spinning in my desk chair,sbucaps,chair,"['option9', 'option4']",,,,['option3'],"['option9', 'option4', 'option5']",['VAEL is nearby but not in frame'],,['option1'],
248,['option3'],['option2'],sbucaps/3290200337_c2e28707ed,"Hot Dog Johnny's neon hot dog sign on Route 46 in Buttzville, NJ. Fresh buttermilk and Birch Beer on tap!",sbucaps,hot dog,['option3'],,,,['option3'],"['option9', 'option3']",,,['option1'],
249,,['option3'],sbucaps/3304101598_027a7331dd,epoxy bar top. It looks real yummy in person,sbucaps,person,"['option9', 'option2', 'option6']",,,,['option3'],"['option9', 'option2', 'option4', 'option6']",,,,
250,,['option3'],sbucaps/3339609238_5a012e35d2,These caterpillars on a Passion Fruit Leaf appear to be sitting around a dining table for their dinner.,sbucaps,dining table,['option2'],,,,['option3'],"['option2', 'option4']",,,['option1'],
251,,['option3'],sbucaps/3342538257_099b6da5c4,"A baby in a stroller in these colorful socks, with a dog obnoxious as hell",sbucaps,dog,"['option9', 'option4']",,,,['option3'],['option9'],,,['option1'],
252,,['option3'],sbucaps/3500599286_a74f91ea7f,Other Earth Day activities:Planting a little apple tree in kindergarten's yard,sbucaps,apple,['option3'],['option1'],,,['option3'],"['option9', 'option3']",,,"['option1', 'option2']",
253,"['option1', 'option2']",['option2'],sbucaps/3523022719_417a2c8b1a,6am requires teddy white blanket in the car,sbucaps,car,['option4'],,,,['option2'],"['option9', 'option4']",,"['option1', 'option2']",['option1'],
254,,['option3'],sbucaps/354570636_a7c289a89a,"Ummm, you're laying in cake now! Oh my gosh! Get out the floor buffer! Holla!",sbucaps,cake,"['option2', 'option4']","['option1', 'option2']",,,['option3'],"['option9', 'option4']",,,,
255,['option3'],['option1'],sbucaps/3575273612_5568e2c9a5,Taken from a De Havilland Chipmunk in 1953. This horse is carved into a chalk hill in England.,sbucaps,horse,,,,,['option1'],['option9'],,['option3'],,
256,,['option3'],sbucaps/3667180031_d22fba016d,walk way under the clock tower at sunrise,sbucaps,clock,"['option3', 'option4']",,,,['option3'],"['option3', 'option4']",,,['option1'],
257,,['option3'],sbucaps/3697915470_865dea2864,"Tenatcity skateboard park at Slocan city near Nelson. This bowl is wonderful with concrete, rock and metal coping.",sbucaps,skateboard,['option2'],,,,['option2'],['option3'],,"['option1', 'option2']",,
258,"['option1', 'option2']",['option2'],sbucaps/3891814069_234b9cb175,My bike in the train,sbucaps,train,['option4'],,,,['option2'],['option4'],,"['option1', 'option2']",,
259,,['option3'],sbucaps/3906726904_e3343e68cf,A bad shot underneath the kitchen sink,sbucaps,sink,"['option9', 'option4']",,,,['option3'],['option4'],,,['option1'],
260,,['option1'],sbucaps/392983311_bbfa75e3bf,beside the orange plant,sbucaps,orange,,,,,['option1'],"['option3', 'option4']",,['option3'],,
261,"['option2', 'option3']",['option1'],sbucaps/3987092094_342a0160e1,"Labourers unloading a truck piled deep with coconuts, carting them basket by basket to vendors and middlemen inside the market.",sbucaps,truck,,,,,['option2'],['option9'],,"['option1', 'option2']",,
262,"['option1', 'option2']",['option2'],sbucaps/3999510377_cffe2d3569,"Notice, no windows in our tour bus",sbucaps,bus,"['option3', 'option4']",,,,['option2'],['option4'],,"['option1', 'option2']",,
263,,['option3'],sbucaps/4038368833_5db758f06a,"in brown stripes, orange yoke &amp;amp; contrast band at the bottom",sbucaps,orange,['option6'],,,,['option3'],['option6'],,,,
264,,['option3'],sbucaps/4054091224_4d2269b8cf,Relaxing under a palm tree on remote beach,sbucaps,remote,"['option4', 'option6']",,,,['option3'],"['option4', 'option6']",,,,
265,,['option3'],sbucaps/408336282_cf50655955,I took this photo sitting in the driver's seat of my car. There were rain drops on my windshield.,sbucaps,car,['option4'],['option1'],,,['option3'],['option4'],,,['option1'],
266,"['option1', 'option3']",['option2'],sbucaps/4083834391_1b052797cb,Bostons reflected in truck side view mirror,sbucaps,truck,,,,,['option2'],"['option3', 'option4']",,"['option1', 'option2']",['option1'],
267,"['option1', 'option2']",['option2'],sbucaps/4144169423_31b509d677,Coach behind drivers seat in bus,sbucaps,bus,['option4'],['option1'],,,['option2'],['option4'],,"['option1', 'option2']",,
268,['option3'],['option1'],sbucaps/4170864879_7ae8f4bbfd,dark grapes and yellow pears in a vase on white background,sbucaps,vase,,,,,['option2'],['option4'],,['option1'],,
269,,['option3'],sbucaps/4248533797_f9b205f51f,"South of Spring Arbor, On the old railroad bed this old telephone pole stands watch over the lake",sbucaps,bed,"['option3', 'option4', 'option6']",,,,['option3'],"['option4', 'option6']",,,,
270,"['option1', 'option2', 'option3']",['option2'],sbucaps/4277798120_4e3594d44c,Black and white pebbles in glass bowl (2010) 15/365,sbucaps,bowl,"['option3', 'option4']",,,,['option2'],['option4'],,"['option1', 'option2']",,
271,,['option3'],sbucaps/432092055_b3a3ed596d,theres grizzly bear mountain.. ohhh and lets count the 4wd's in the car park - 6/9. and theres even an expedition there..,sbucaps,bear,"['option2', 'option3', 'option7']",,,,['option3'],"['option3', 'option7']",,,,
272,,['option3'],sbucaps/4325253905_82403aaa65,cat in the hat,sbucaps,cat,['option7'],,,,['option3'],['option2'],,,,
273,"['option1', 'option2']",['option2'],sbucaps/4338996292_b857ec5fa8,Lucy's favorite seat in the car,sbucaps,car,['option4'],,,,['option2'],['option4'],,"['option1', 'option2']",,
274,"['option1', 'option3']",['option1'],sbucaps/4347734073_2273977129,Homemade cup cake by Elaine,sbucaps,cup,['option3'],,,,['option3'],"['option3', 'option6']",,,['option2'],
275,,['option3'],sbucaps/4432461782_616e7b2c36,painted very quickly while fighting off spiders &amp;amp; trying to keep my water clean &amp;amp; the dog close by,sbucaps,dog,"['option1', 'option9', 'option4']",,,,['option3'],['option9'],,,,
276,,['option3'],sbucaps/4496773376_8fe20c911e,i found these vivid fungi by a small pool growing on a bed of moss at mortimer cross watermill,sbucaps,bed,"['option4', 'option6']",,,,['option3'],"['option2', 'option4', 'option6']",,,,
277,['option1'],['option4'],sbucaps/4559408510_625079a1cc,white wine vinegar bottle ... with the stopper ... in the bottle,sbucaps,bottle,,,,,['option1'],,,['option2'],,
278,,['option3'],sbucaps/4633202662_2cf38967aa,I assume it is a cat that has been sleeping in my shrub!,sbucaps,cat,['option9'],,,,['option3'],"['option1', 'option9']",,,,
279,['option3'],['option1'],sbucaps/465507053_5f5c771d5c,Created by Chef Lauri; Concept: Lizzie le chatChocolate train with red velvet cake,sbucaps,train,['option3'],,,,['option1'],,,['option3'],,
280,,['option3'],sbucaps/4786798628_7a73af2b5c,Rappy- in next door bird table,sbucaps,bird,"['option3', 'option4']",['option2'],,,['option3'],"['option3', 'option4']",,,['option1'],
281,"['option1', 'option3']",['option1'],sbucaps/4793416368_3e06f9a761,wk5 ~ #1 reading in motion ~ book shelf,sbucaps,book,['option3'],,,,['option2'],"['option9', 'option3']",,['option3'],['option1'],
282,,['option3'],sbucaps/479697536_3f59099642,cake in the box. the box is smelly x.x,sbucaps,cake,['option2'],,,,['option1'],['option9'],,"['option1', 'option2']",,
283,,['option3'],sbucaps/4797793750_ae3be2746c,"when the cat isn't napping in my suitcase, she's napping on my computer",sbucaps,suitcase,"['option9', 'option4']",,,,['option3'],"['option9', 'option4']",,,,
284,,['option1'],sbucaps/4867843968_d2f4a23e9b,This is what goes down when I begin to think that actually sitting in a chair is too traditional.,sbucaps,chair,,,,,['option2'],"['option9', 'option4']",,['option1'],,
285,,['option1'],sbucaps/48977218_f4383c69b5,One of the banana trees was an unfortunate victim of my neighbour's recent conflagration. Nowhere near a six-foot bunch though...,sbucaps,banana,,,,,['option1'],"['option9', 'option3']",,['option3'],,
286,['option3'],['option1'],sbucaps/4946589505_700cbfa682,In this photo we could see a picture of the wooden boat found in the temple grounds.,sbucaps,boat,,,,,['option1'],,,"['option1', 'option2', 'option3']",,
287,['option1'],['option1'],sbucaps/4983559782_73fd4d8cc4,Big truck coming up the mountain side on Route 17 in Vermont,sbucaps,truck,,,,,['option1'],['option9'],,['option1'],,
288,['option3'],['option1'],sbucaps/5002497719_5ae1a37da0,Trafalgar Square - giant ship in a bottle on the fourth plinth,sbucaps,bottle,,,,,['option1'],['option4'],,['option3'],,
289,,['option3'],sbucaps/5134257222_ea4bc66693,cat in the hat,sbucaps,cat,"['option2', 'option7']",,,,['option3'],"['option2', 'option7']",,,,
290,,['option3'],sbucaps/5337124016_4036836a9a,Farm in tuscumbia -Marcus on field trip and pizza for lunch,sbucaps,pizza,['option9'],,,,['option3'],['option9'],,,,
291,,['option3'],sbucaps/5360090841_8aabb4562f,40cm white umbrella on front with Nikon SB-80DX at 1:1 power. Natural sun over windows on right.,sbucaps,umbrella,"['option9', 'option4']",,,,['option3'],"['option9', 'option5']",['text describes circumstance of taking the image'],,,
292,,['option3'],sbucaps/5371208601_bdef13ff16,A traditional Khmer dish of catfish steamed in banana leaves and morning glory.,sbucaps,banana,['option3'],,,,['option3'],"['option3', 'option4']",,,"['option1', 'option2']",
293,['option3'],['option1'],sbucaps/5516741585_9bd9efd7b5,the potted plant in the bedroom window!,sbucaps,potted plant,['option2'],,,,['option1'],,,['option3'],,
294,"['option1', 'option2']",['option2'],sbucaps/5517747463_d8712cf4b2,Contortionist Smudge Snoozes under the dining table 2010,sbucaps,dining table,['option4'],,,,['option2'],['option4'],,"['option1', 'option2']",,
295,,['option3'],sbucaps/556388268_d5ad0e4c30,From bus window in the evening (7:46 PM),sbucaps,bus,"['option3', 'option4']",,,,['option3'],['option4'],,,,
296,['option1'],['option1'],sbucaps/582582257_00668381a4,"The dress is vintage, handbag is also vintage by Gucci, shoes by Go Max. Need I say more.",sbucaps,handbag,,,,,['option2'],,,['option1'],,
297,['option3'],['option1'],sbucaps/64353373_5ae92c623e,the girl in the pink outfit with the skateboard,sbucaps,skateboard,['option4'],,,,['option1'],['option4'],,['option3'],,
298,"['option1', 'option2']",['option2'],sbucaps/7054204_f9aa58753f,Old Crow dog in the truck box,sbucaps,truck,['option3'],,,,['option4'],"['option3', 'option4']",,,['option1'],
299,,['option3'],sbucaps/858291849_e503853392,yellow bird in a giraffe tree,sbucaps,giraffe,['option3'],['option1'],,,['option3'],"['option3', 'option6']",,,['option1'],
